Gloria	Wilkinson	16	329	4	26	3	1	12300803812	Gloria_Wilkinson8162@brety.org
Sonya	Thompson	40	330	11	13	7	1	28002702783	Sonya_Thompson5651@yahoo.com
Nicholas	Lakey	71	331	42	98	5	0	34682072681	Nicholas_Lakey4353@famism.biz
Jayden	Gilmore	8	332	77	4	1	0	2726780561	Jayden_Gilmore2268@yahoo.com
Russel	Ellis	8	333	95	79	2	0	18218502758	Russel_Ellis6015@liret.org
Katelyn	Warren	59	334	56	24	7	0	2810770072	Katelyn_Warren8677@dionrab.com
Alan	Sinclair	14	335	70	13	7	2	60157613235	Alan_Sinclair2303@guentu.biz
Matthew	Smith	74	336	93	79	2	0	77661203570	Matthew_Smith706@acrit.org
Elijah	Ellis	48	337	23	17	5	1	63651842163	Elijah_Ellis6653@grannar.com
Barry	Gordon	71	338	63	37	1	0	64414644365	Barry_Gordon5573@vetan.org
Domenic	Moore	12	339	97	33	4	0	30637482657	Domenic_Moore5229@mafthy.com
Cedrick	Graves	40	340	61	28	7	2	70608674750	Cedrick_Graves5631@guentu.biz
Marissa	Burnley	61	341	74	19	4	0	51700147530	Marissa_Burnley6285@elnee.tech
Bart	Milner	27	342	84	74	2	2	88686545670	Bart_Milner3824@cispeto.com
Iris	Sheldon	10	343	91	52	3	2	12884635483	Iris_Sheldon3860@supunk.biz
Gwen	Glass	10	344	30	53	1	0	84828201282	Gwen_Glass8435@sveldo.biz
Esmeralda	Potter	6	345	25	88	1	2	28581467858	Esmeralda_Potter2952@irrepsy.com
Kurt	Moore	56	346	52	44	3	1	28142042005	Kurt_Moore9584@jiman.org
Caleb	Hope	23	347	78	85	3	1	22245376364	Caleb_Hope7819@womeona.net
Wendy	Long	39	348	84	43	2	1	85331526365	Wendy_Long9458@dionrab.com
Ron	Cobb	79	349	62	58	5	1	62116547783	Ron_Cobb1004@qater.org
Sara	Oatway	20	350	42	77	5	0	88774024427	Sara_Oatway5871@infotech44.tech
Sasha	Seymour	17	351	45	5	6	2	57171680717	Sasha_Seymour663@corti.com
Anais	Keys	30	352	28	57	2	1	36547046086	Anais_Keys8492@liret.org
Hadley	Ramsey	79	353	24	28	3	1	60044387714	Hadley_Ramsey5225@elnee.tech
Henry	Morgan	29	354	32	68	4	0	62012515302	Henry_Morgan8555@fuliss.net
Adelaide	Amstead	79	355	41	60	4	2	27227811585	Adelaide_Amstead8700@deons.tech
Erick	Horton	27	356	18	85	6	0	41163530380	Erick_Horton9722@acrit.org
Hazel	Tindall	71	357	47	60	1	1	61688685626	Hazel_Tindall7065@typill.biz
Mason	Rowlands	54	358	38	29	6	0	20486431362	Mason_Rowlands8091@iatim.tech
Liv	Palmer	56	359	48	92	4	1	56224666202	Liv_Palmer2596@elnee.tech
Aeris	Driscoll	11	360	17	26	4	1	24481855883	Aeris_Driscoll2572@iatim.tech
Nate	Shaw	52	361	21	70	5	1	15841382526	Nate_Shaw9679@yahoo.com
Rylee	Waterhouse	32	362	33	74	1	0	21807660485	Rylee_Waterhouse9055@yahoo.com
Emmanuelle	James	31	363	0	57	6	0	35625213278	Emmanuelle_James5170@liret.org
Havana	Robe	46	364	37	69	1	0	13108222021	Havana_Robe3301@bulaffy.com
Rick	Lee	58	365	19	41	5	1	10537144757	Rick_Lee6323@infotech44.tech
Alan	Saunders	22	366	61	0	7	0	24612076712	Alan_Saunders5601@iatim.tech
Leroy	Rogers	55	367	17	12	6	2	16268536453	Leroy_Rogers6400@mafthy.com
Michael	Sloan	20	368	48	9	5	2	84502280437	Michael_Sloan1510@ubusive.com
Alexander	Connell	41	369	37	44	3	0	35780866460	Alexander_Connell1161@bulaffy.com
Jessica	Harrison	51	370	60	31	3	1	81442863615	Jessica_Harrison2423@bauros.biz
Felicity	Dixon	16	371	28	30	2	1	6703657761	Felicity_Dixon176@kideod.biz
Sadie	Plumb	37	372	77	6	1	0	65371538420	Sadie_Plumb1437@liret.org
Jasmine	Knight	39	373	83	15	1	1	73422133642	Jasmine_Knight2547@famism.biz
Ethan	Thomas	17	374	23	13	2	2	33171505888	Ethan_Thomas8817@bauros.biz
Jocelyn	Carson	53	375	87	42	1	1	67681412250	Jocelyn_Carson9666@bauros.biz
Emma	Goodman	31	376	7	63	3	2	64232385436	Emma_Goodman1212@bretoux.com
Trisha	Russel	78	377	2	3	6	1	63780424277	Trisha_Russel7284@nimogy.biz
Jayden	Thomas	43	378	89	12	2	1	72273720305	Jayden_Thomas4541@irrepsy.com
Hadley	Poole	39	379	26	94	5	0	14835527418	Hadley_Poole6038@nimogy.biz
Percy	Andrews	10	380	58	62	7	1	86121800051	Percy_Andrews5819@cispeto.com
Johnathan	Hill	38	381	79	19	1	0	88677107362	Johnathan_Hill7013@sheye.org
Enoch	Upsdell	13	382	41	67	2	2	34601331573	Enoch_Upsdell9612@tonsy.org
Ema	Griffiths	36	383	42	78	1	0	68776286334	Ema_Griffiths7778@ubusive.com
Luke	Downing	67	384	59	81	5	2	68765282687	Luke_Downing2293@deavo.com
George	Mann	15	385	43	5	4	1	23817434578	George_Mann3257@kideod.biz
Rosalie	Jarrett	15	386	15	3	7	1	53545670616	Rosalie_Jarrett1852@liret.org
Rufus	Roth	46	387	73	69	4	2	1882748020	Rufus_Roth4936@dionrab.com
Kieth	Wigley	52	388	21	79	5	1	86112348533	Kieth_Wigley5016@nimogy.biz
Sebastian	Sherwood	53	389	36	89	3	0	67661745848	Sebastian_Sherwood9171@eirey.tech
Ruby	Weldon	62	390	3	42	7	2	37683065878	Ruby_Weldon2403@supunk.biz
Harvey	Partridge	38	391	6	55	1	0	58353360724	Harvey_Partridge3512@sveldo.biz
Ramon	Latham	57	392	77	73	6	0	85867862287	Ramon_Latham9620@muall.tech
Thea	Taylor	35	393	93	74	7	1	4382873627	Thea_Taylor2650@eirey.tech
Wade	Parsons	73	394	55	37	1	2	53534487278	Wade_Parsons7668@cispeto.com
Marvin	Fox	64	395	58	1	6	2	56063067433	Marvin_Fox8976@naiker.biz
Rylee	Abbot	42	396	80	43	6	1	44746807183	Rylee_Abbot2555@bungar.biz
Julius	Amstead	56	397	5	48	2	0	74576286265	Julius_Amstead61@twipet.com
Wade	Snow	19	398	66	11	5	2	33057442768	Wade_Snow5946@womeona.net
Matt	Patel	52	399	2	61	1	0	71725842433	Matt_Patel5565@twace.org
Andie	Gardner	22	400	83	74	4	1	40536310554	Andie_Gardner5932@sheye.org
Elijah	Mullins	34	401	21	63	1	2	23503285317	Elijah_Mullins5657@nimogy.biz
Celina	Morris	67	402	88	45	2	0	86783773750	Celina_Morris5148@irrepsy.com
Martin	Hardwick	32	403	36	18	2	1	14500100421	Martin_Hardwick7545@nimogy.biz
Goldie	Knight	10	404	3	38	1	0	55601151442	Goldie_Knight148@hourpy.biz
Parker	Little	75	405	27	65	6	1	22867683227	Parker_Little984@jiman.org
Noah	Radcliffe	78	406	85	1	4	2	7867534166	Noah_Radcliffe3182@hourpy.biz
Leroy	Waterhouse	26	407	41	40	4	2	11485133835	Leroy_Waterhouse3662@joiniaa.com
Aiden	Raven	6	408	93	13	5	2	15073250635	Aiden_Raven8961@nanoff.biz
Oliver	Hogg	66	409	27	47	7	0	13083067242	Oliver_Hogg9101@guentu.biz
Benjamin	Hill	15	410	12	83	6	1	28042275165	Benjamin_Hill6805@naiker.biz
Alexa	Nielson	67	411	1	21	7	0	38282880615	Alexa_Nielson2253@bauros.biz
Jacob	Taylor	41	412	18	82	7	0	7520033205	Jacob_Taylor8668@twace.org
Angela	Upsdell	41	413	95	34	7	1	44040078373	Angela_Upsdell9962@infotech44.tech
Javier	Powell	61	414	16	87	5	1	30035032814	Javier_Powell9740@deavo.com
John	Gosling	63	415	5	94	4	1	82271470674	John_Gosling3293@bungar.biz
Rowan	Grady	12	416	44	2	4	2	35802770808	Rowan_Grady158@nanoff.biz
Beatrice	Hall	41	417	42	52	4	0	23057375658	Beatrice_Hall925@bauros.biz
Evelynn	Yoman	68	418	90	73	7	2	66426661504	Evelynn_Yoman9229@kideod.biz
Camden	Sheldon	33	419	47	34	1	1	24083703547	Camden_Sheldon5994@twipet.com
Boris	Knight	29	420	2	71	1	1	5312444433	Boris_Knight8461@cispeto.com
Maxwell	Malone	34	421	33	89	5	2	84621443045	Maxwell_Malone387@yahoo.com
Emmanuelle	Styles	61	422	10	26	5	2	10366048867	Emmanuelle_Styles4325@muall.tech
Charlotte	Warden	68	423	15	97	1	0	38674128525	Charlotte_Warden9926@naiker.biz
Tyson	Cattell	47	424	38	46	7	1	6753177882	Tyson_Cattell6257@bungar.biz
Barney	Noon	75	425	27	86	2	0	24137264264	Barney_Noon968@iatim.tech
Barry	Wilkinson	20	426	11	6	4	0	62337025515	Barry_Wilkinson6584@joiniaa.com
Mark	Collins	17	427	49	83	1	1	51742376617	Mark_Collins7649@zorer.org
Macy	Savage	10	428	1	23	3	2	55832482052	Macy_Savage3637@sheye.org
Penelope	Purvis	67	429	55	62	4	2	78784217045	Penelope_Purvis7697@mafthy.com
Clint	Wild	11	430	6	89	7	1	64531402245	Clint_Wild9147@typill.biz
Mayleen	Allen	45	431	68	29	6	1	81551156646	Mayleen_Allen4778@iatim.tech
Lorraine	Clifford	41	432	41	73	1	1	70876176435	Lorraine_Clifford1606@qater.org
Tyson	Ward	65	433	92	36	4	1	48731528024	Tyson_Ward7646@ovock.tech
David	Kelly	60	434	40	89	6	2	10127382643	David_Kelly5436@fuliss.net
Deborah	Herbert	36	435	58	60	4	2	40038622044	Deborah_Herbert7208@gompie.com
Hayden	Alexander	13	436	39	19	3	2	37118604272	Hayden_Alexander2632@tonsy.org
Ronald	Latham	74	437	87	71	5	2	58873013213	Ronald_Latham1888@deons.tech
Daron	Doherty	18	438	94	96	2	2	66143576144	Daron_Doherty6594@naiker.biz
Holly	Oldfield	34	439	49	62	7	0	5700561686	Holly_Oldfield3925@dionrab.com
Alan	Bingham	32	440	6	50	3	2	6842345643	Alan_Bingham4031@deavo.com
Henry	Whittle	33	441	27	98	2	1	45626754031	Henry_Whittle5368@joiniaa.com
Anthony	Miller	45	442	78	20	2	1	84383114874	Anthony_Miller1791@gembat.biz
David	Clifford	24	443	58	48	6	0	60172713747	David_Clifford8934@bungar.biz
Roger	Pratt	25	444	35	73	4	0	5531276216	Roger_Pratt4169@elnee.tech
Nick	Shaw	14	445	4	33	1	0	12622107826	Nick_Shaw3906@dionrab.com
Nina	Cowan	43	446	11	52	2	1	42044251123	Nina_Cowan4094@bulaffy.com
Bryon	Sheldon	10	447	89	10	6	2	28803405587	Bryon_Sheldon7705@grannar.com
Ronald	Appleton	65	448	78	89	3	2	78381706313	Ronald_Appleton4258@deavo.com
Erin	Drake	38	449	13	71	4	1	43553231211	Erin_Drake4590@nanoff.biz
Matt	Uttridge	8	450	19	73	1	2	16337255351	Matt_Uttridge8350@twace.org
Scarlett	Larkin	30	451	78	46	5	1	10184724388	Scarlett_Larkin5152@bauros.biz
Mason	Shaw	27	452	53	97	5	1	84050147632	Mason_Shaw3242@ubusive.com
Rick	Driscoll	33	453	30	53	3	0	86123875024	Rick_Driscoll310@qater.org
Benjamin	Patel	30	454	47	60	7	1	64613308823	Benjamin_Patel3491@grannar.com
Beatrice	Salt	27	455	65	24	5	0	51724688078	Beatrice_Salt4658@irrepsy.com
Abbey	Allen	14	456	96	56	6	1	10062273073	Abbey_Allen2831@gmail.com
Nathan	Grey	72	457	92	61	1	0	73470652166	Nathan_Grey7452@muall.tech
Tony	Yates	50	458	17	41	1	1	80510175208	Tony_Yates7746@mafthy.com
Liliana	Leigh	64	459	21	60	2	0	71646421261	Liliana_Leigh9403@joiniaa.com
Lucas	Widdows	57	460	98	49	6	2	85680241787	Lucas_Widdows8400@corti.com
Kirsten	Boyle	53	461	35	66	4	1	82671315011	Kirsten_Boyle4726@joiniaa.com
Juliette	Mackenzie	47	462	65	25	6	2	47308640057	Juliette_Mackenzie2762@liret.org
Melody	Wilkinson	15	463	88	89	3	1	66630138063	Melody_Wilkinson8012@womeona.net
Claire	Rycroft	60	464	24	60	5	1	5211800363	Claire_Rycroft4121@bretoux.com
Valentina	Vallory	59	465	83	53	1	0	88346475352	Valentina_Vallory6342@sveldo.biz
Leah	Evans	17	466	90	29	3	2	58031635030	Leah_Evans5755@acrit.org
Owen	Douglas	59	467	45	38	2	1	1071082582	Owen_Douglas7895@twipet.com
Janelle	Henderson	11	468	49	80	4	2	32106544448	Janelle_Henderson1062@kideod.biz
Eve	Dann	50	469	2	62	4	1	34770655585	Eve_Dann7434@corti.com
Cedrick	Egerton	58	470	42	47	3	2	14367612441	Cedrick_Egerton9704@gompie.com
Joseph	Franks	25	471	68	86	7	2	74238881851	Joseph_Franks753@womeona.net
Matt	Edwards	12	472	23	2	3	0	14368514465	Matt_Edwards5635@guentu.biz
Ellen	Wade	29	473	86	71	3	0	57080568147	Ellen_Wade4322@nimogy.biz
Julia	Wooldridge	49	474	3	32	6	2	47445004732	Julia_Wooldridge1193@famism.biz
Mary	Gilmore	70	475	86	2	3	1	22611580673	Mary_Gilmore5407@cispeto.com
Liv	Vaughan	33	476	39	60	5	1	30425035612	Liv_Vaughan3712@deons.tech
Ryan	Clark	33	477	45	37	1	1	4854357443	Ryan_Clark6870@atink.com
Elijah	Larsen	66	478	54	56	5	1	6013836082	Elijah_Larsen6481@famism.biz
Scarlett	Wellington	60	479	8	62	6	2	16768235587	Scarlett_Wellington4555@qater.org
Marigold	May	35	480	13	46	2	0	44100454048	Marigold_May8578@naiker.biz
Kieth	Brooks	41	481	47	68	1	0	30311267281	Kieth_Brooks5533@grannar.com
Tony	Burnley	53	482	82	72	6	0	44750275857	Tony_Burnley1354@deons.tech
Caleb	Fox	68	483	90	24	7	2	64722074758	Caleb_Fox3338@yahoo.com
Benny	Khan	49	484	13	7	6	0	32334658784	Benny_Khan7707@acrit.org
Melania	Coleman	26	485	79	15	1	0	770082261	Melania_Coleman1194@elnee.tech
Analise	Robinson	71	486	79	39	2	1	6456254228	Analise_Robinson8318@liret.org
Anabel	Simpson	51	487	39	58	5	1	41258366306	Anabel_Simpson7527@gmail.com
John	Janes	22	488	37	83	3	2	84221087237	John_Janes5996@fuliss.net
Maribel	Silva	73	489	74	87	7	2	82107201306	Maribel_Silva3097@qater.org
Chanelle	Mcguire	32	490	71	32	6	2	15813461258	Chanelle_Mcguire4383@yahoo.com
Carissa	Gregory	20	491	31	75	7	1	83021880405	Carissa_Gregory1250@bungar.biz
Sara	Mullins	74	492	52	72	3	0	3777458135	Sara_Mullins8395@nanoff.biz
Wade	Douglas	69	493	18	64	6	0	75320237270	Wade_Douglas6180@muall.tech
Kieth	Brennan	36	494	32	34	3	0	35826442030	Kieth_Brennan5242@bulaffy.com
Amy	Antcliff	46	495	73	24	2	0	75414325472	Amy_Antcliff4817@infotech44.tech
Kieth	Gibson	7	496	31	77	7	1	14806517750	Kieth_Gibson1289@fuliss.net
Marie	Gaynor	9	497	26	11	2	2	54608770434	Marie_Gaynor2869@gompie.com
Kenzie	Fox	14	498	75	82	1	2	52138788805	Kenzie_Fox6315@zorer.org
Ramon	Nicholls	8	499	79	68	4	2	21573778842	Ramon_Nicholls2546@bulaffy.com
Camden	Stark	56	500	95	1	6	0	53756013081	Camden_Stark5703@bulaffy.com
Carissa	Stark	43	501	52	0	1	0	4338575376	Carissa_Stark6471@naiker.biz
Mike	Locke	18	502	73	80	5	1	74168708130	Mike_Locke6630@famism.biz
Skylar	Kaur	25	503	73	48	3	2	61481426271	Skylar_Kaur4400@corti.com
Matt	Kelly	56	504	94	77	6	1	13686283882	Matt_Kelly3165@sheye.org
Luke	Wright	62	505	85	28	6	0	75725371576	Luke_Wright6592@atink.com
Hanna	Veale	75	506	40	25	3	1	37716054804	Hanna_Veale9694@gmail.com
Enoch	Rowe	62	507	15	84	2	0	21555567740	Enoch_Rowe3815@guentu.biz
Ema	Widdows	12	508	83	34	2	1	56166188123	Ema_Widdows1944@nanoff.biz
Madelyn	Little	39	509	10	40	7	1	5454888524	Madelyn_Little9732@womeona.net
Caleb	Tate	77	510	83	40	6	2	51516326568	Caleb_Tate2993@extex.org
Gil	Warden	12	511	29	30	1	0	48815307428	Gil_Warden1277@deavo.com
Luke	Whatson	35	512	75	54	5	0	5564146740	Luke_Whatson7542@bungar.biz
Jayden	Upsdell	77	513	7	90	2	2	14812058646	Jayden_Upsdell3617@typill.biz
Denny	Hamilton	46	514	9	29	5	0	56837310365	Denny_Hamilton4360@ubusive.com
Dasha	Scott	42	515	26	4	6	2	10331583385	Dasha_Scott6245@brety.org
Enoch	Lindsay	64	516	48	73	4	2	27184526072	Enoch_Lindsay7755@gmail.com
Julius	West	78	517	66	69	2	2	6075325662	Julius_West2998@ovock.tech
Doris	Craig	40	518	64	4	5	2	31373004770	Doris_Craig3214@sveldo.biz
Chester	Harrington	13	519	85	19	7	0	30843543405	Chester_Harrington5237@extex.org
Bob	Lewin	77	520	25	35	2	0	78287500377	Bob_Lewin7211@gompie.com
Aeris	Bentley	32	521	92	46	5	0	27371554157	Aeris_Bentley7313@dionrab.com
Rita	Bayliss	42	522	57	90	4	0	12773532528	Rita_Bayliss6432@guentu.biz
Tony	Addis	18	523	69	4	3	1	11084586734	Tony_Addis780@bulaffy.com
Ryan	Olson	79	524	72	0	2	0	52801787277	Ryan_Olson952@iatim.tech
Tyler	Clarke	65	525	90	2	3	1	68358352180	Tyler_Clarke2114@elnee.tech
Piper	Hardwick	72	526	30	70	1	2	54682146178	Piper_Hardwick7644@muall.tech
Daron	Cowan	44	527	20	42	3	1	18771216852	Daron_Cowan3991@nickia.com
Martha	Lane	48	528	67	25	1	1	1046753302	Martha_Lane6216@ubusive.com
Benny	Booth	12	529	9	85	3	0	22538678841	Benny_Booth3610@famism.biz
Abdul	Whitmore	37	530	42	52	4	0	44063687453	Abdul_Whitmore6685@corti.com
Candice	Hill	11	531	78	9	6	1	35122270562	Candice_Hill8363@nimogy.biz
Sofia	Scott	49	532	61	95	7	0	48665373353	Sofia_Scott7378@hourpy.biz
Emma	Ward	43	533	7	42	1	2	78077817411	Emma_Ward9311@supunk.biz
Rick	Isaac	47	534	71	89	7	2	20807576044	Rick_Isaac7448@acrit.org
Regina	Powell	69	535	75	39	5	1	74273125834	Regina_Powell1585@famism.biz
Kimberly	Logan	60	536	91	34	3	0	35510355684	Kimberly_Logan3194@twace.org
Logan	Morgan	26	537	42	52	4	0	11052114170	Logan_Morgan2636@corti.com
Elly	Thompson	51	538	38	75	6	2	23078025347	Elly_Thompson8849@infotech44.tech
Victoria	Abbey	49	539	75	22	3	0	51405067606	Victoria_Abbey7589@tonsy.org
Mike	Chester	61	540	35	4	7	2	63234131054	Mike_Chester3610@naiker.biz
Monica	Speed	63	541	28	6	4	2	64016355731	Monica_Speed4663@liret.org
Courtney	Eagle	55	542	11	85	3	2	53233243808	Courtney_Eagle4055@atink.com
Mabel	Gilbert	23	543	74	71	5	1	11384643011	Mabel_Gilbert1106@dionrab.com
Lynn	Samuel	59	544	35	19	2	0	73100870331	Lynn_Samuel6875@deons.tech
Barry	Jones	42	545	85	45	1	0	78720773434	Barry_Jones5637@irrepsy.com
Kimberly	Yard	67	546	44	77	5	1	67038578246	Kimberly_Yard1241@dionrab.com
Hope	Goodman	62	547	1	18	1	1	88515136636	Hope_Goodman4135@deavo.com
Maddison	Thompson	70	548	9	15	1	1	28733236035	Maddison_Thompson5926@deavo.com
Alexander	Clarkson	27	549	36	42	4	0	40063736880	Alexander_Clarkson9510@gembat.biz
Henry	Allwood	56	550	19	94	7	2	58070322566	Henry_Allwood6143@tonsy.org
Erick	Alexander	59	551	6	39	1	0	14554165514	Erick_Alexander5085@twipet.com
Sage	Bishop	71	552	34	45	1	1	21230720815	Sage_Bishop8800@zorer.org
Jack	Walsh	18	553	48	21	4	1	85208767768	Jack_Walsh9614@nickia.com
Karla	Dunbar	27	554	50	31	4	1	50853463672	Karla_Dunbar6082@bauros.biz
Rick	Hamilton	22	555	9	6	5	0	13581502788	Rick_Hamilton11@sveldo.biz
Kassandra	Turner	40	556	49	26	7	1	17638461032	Kassandra_Turner8922@jiman.org
Rick	Swan	58	557	20	94	5	0	77355006657	Rick_Swan6175@bungar.biz
Michael	Daniells	47	558	27	8	3	0	75507680622	Michael_Daniells3636@tonsy.org
Rosalee	Thornton	60	559	28	41	5	1	27423503187	Rosalee_Thornton2742@sveldo.biz
Darlene	Haines	42	560	79	31	2	2	82426645785	Darlene_Haines6966@grannar.com
Abdul	Poulton	67	561	49	19	6	1	53400265240	Abdul_Poulton4641@naiker.biz
Vera	Beal	6	562	58	85	4	2	28155444521	Vera_Beal3429@famism.biz
Eduardo	Quinnell	17	563	67	43	6	2	54526121782	Eduardo_Quinnell3210@typill.biz
Mona	Ebden	43	564	49	69	2	0	51816858783	Mona_Ebden6676@bungar.biz
Victoria	Wright	30	565	79	40	2	0	73702047516	Victoria_Wright6735@sheye.org
Daron	Purvis	13	566	1	17	5	0	80857485162	Daron_Purvis9102@typill.biz
Drew	Gilbert	12	567	49	89	1	0	16681610272	Drew_Gilbert5825@yahoo.com
Lara	Clayton	32	568	36	51	4	0	44368243042	Lara_Clayton6069@twace.org
Josephine	Clifford	54	569	71	77	6	1	88027732613	Josephine_Clifford5573@infotech44.tech
Maia	Newton	22	570	19	50	5	2	12888106656	Maia_Newton6814@muall.tech
Jazmin	Franks	37	571	16	41	1	0	23701008342	Jazmin_Franks2021@hourpy.biz
Caydence	Spencer	31	572	88	68	3	1	4572167700	Caydence_Spencer5390@iatim.tech
Hayden	Lewis	74	573	71	10	1	2	21447772026	Hayden_Lewis7832@irrepsy.com
Marina	Everett	18	574	85	86	3	0	54151678315	Marina_Everett2549@qater.org
Jacob	Mason	34	575	48	32	6	1	66361687672	Jacob_Mason7112@deavo.com
Rick	Wright	66	576	60	6	1	0	50145440634	Rick_Wright5358@irrepsy.com
Matthew	Abbot	73	577	5	8	7	0	62341068572	Matthew_Abbot7368@twipet.com